{
  "pyrd1": {
    "pyrd1_conf-1": {
      "E_spc (Hartree)": -441.215801,
      "E (Hartree)": -441.305193,
      "ZPE(Hartree)": 0.163282,
      "H_spc(Hartree)": -441.043098,
      "T*S": 0.043006,
      "T*qh_S": 0.04266,
      "G(T)_spc(Hartree)": -441.086104,
      "qh_G(T)_spc(Hartree)": -441.085759,
      "T": 298.15
    }
  },
  "pyrdz1": {
    "pyrdz1_conf-1": {
      "E_spc (Hartree)": -303.585861,
      "E (Hartree)": -303.638581,
      "ZPE(Hartree)": 0.103728,
      "H_spc(Hartree)": -303.475215,
      "T*S": 0.036948,
      "T*qh_S": 0.036617,
      "G(T)_spc(Hartree)": -303.512163,
      "qh_G(T)_spc(Hartree)": -303.511832,
      "T": 298.15
    }
  },
  "pyrmd1": {
    "pyrmd1_conf-1": {
      "E_spc (Hartree)": -457.262567,
      "E (Hartree)": -457.34237,
      "ZPE(Hartree)": 0.151533,
      "H_spc(Hartree)": -457.101761,
      "T*S": 0.04271,
      "T*qh_S": 0.042452,
      "G(T)_spc(Hartree)": -457.144471,
      "qh_G(T)_spc(Hartree)": -457.144213,
      "T": 298.15
    }
  },
  "pyrz1": {
    "pyrz1_conf-1": {
      "E_spc (Hartree)": -457.255348,
      "E (Hartree)": -457.336221,
      "ZPE(Hartree)": 0.151285,
      "H_spc(Hartree)": -457.094752,
      "T*S": 0.042943,
      "T*qh_S": 0.042501,
      "G(T)_spc(Hartree)": -457.137695,
      "qh_G(T)_spc(Hartree)": -457.137253,
      "T": 298.15
    }
  },
  "pyrd2": {
    "pyrd2_conf-1": {
      "E_spc (Hartree)": -441.212895,
      "E (Hartree)": -441.302704,
      "ZPE(Hartree)": 0.163425,
      "H_spc(Hartree)": -441.040035,
      "T*S": 0.043108,
      "T*qh_S": 0.042693,
      "G(T)_spc(Hartree)": -441.083144,
      "qh_G(T)_spc(Hartree)": -441.082728,
      "T": 298.15
    }
  },
  "pyrdz2": {
    "pyrdz2_conf-1": {
      "E_spc (Hartree)": -303.584349,
      "E (Hartree)": -303.637264,
      "ZPE(Hartree)": 0.103775,
      "H_spc(Hartree)": -303.47355,
      "T*S": 0.038012,
      "T*qh_S": 0.037077,
      "G(T)_spc(Hartree)": -303.511562,
      "qh_G(T)_spc(Hartree)": -303.510627,
      "T": 298.15
    }
  },
  "pyrmd2": {
    "pyrmd2_conf-1": {
      "E_spc (Hartree)": -457.26207,
      "E (Hartree)": -457.341909,
      "ZPE(Hartree)": 0.15199,
      "H_spc(Hartree)": -457.100938,
      "T*S": 0.042228,
      "T*qh_S": 0.042146,
      "G(T)_spc(Hartree)": -457.143166,
      "qh_G(T)_spc(Hartree)": -457.143085,
      "T": 298.15
    }
  },
  "pyrz2": {
    "pyrz2_conf-1": {
      "E_spc (Hartree)": -496.562505,
      "E (Hartree)": -496.657687,
      "ZPE(Hartree)": 0.180043,
      "H_spc(Hartree)": -496.371904,
      "T*S": 0.046266,
      "T*qh_S": 0.04535,
      "G(T)_spc(Hartree)": -496.41817,
      "qh_G(T)_spc(Hartree)": -496.417254,
      "T": 298.15
    }
  },
  "pyrd3": {
    "pyrd3_conf-1": {
      "E_spc (Hartree)": -441.213933,
      "E (Hartree)": -441.303413,
      "ZPE(Hartree)": 0.163893,
      "H_spc(Hartree)": -441.04084,
      "T*S": 0.042181,
      "T*qh_S": 0.042142,
      "G(T)_spc(Hartree)": -441.08302,
      "qh_G(T)_spc(Hartree)": -441.082982,
      "T": 298.15
    }
  },
  "pyrdz3": {
    "pyrdz3_conf-1": {
      "E_spc (Hartree)": -342.892888,
      "E (Hartree)": -342.960122,
      "ZPE(Hartree)": 0.132713,
      "H_spc(Hartree)": -342.752044,
      "T*S": 0.040598,
      "T*qh_S": 0.039684,
      "G(T)_spc(Hartree)": -342.792642,
      "qh_G(T)_spc(Hartree)": -342.791728,
      "T": 298.15
    }
  },
  "pyrmd3": {
    "pyrmd3_conf-2": {
      "E_spc (Hartree)": -496.569753,
      "E (Hartree)": -496.664027,
      "ZPE(Hartree)": 0.180221,
      "H_spc(Hartree)": -496.378993,
      "T*S": 0.045962,
      "T*qh_S": 0.045234,
      "G(T)_spc(Hartree)": -496.424955,
      "qh_G(T)_spc(Hartree)": -496.424227,
      "T": 298.15
    }
  },
  "pyrz3": {
    "pyrz3_conf-1": {
      "E_spc (Hartree)": -303.616826,
      "E (Hartree)": -303.667899,
      "ZPE(Hartree)": 0.104395,
      "H_spc(Hartree)": -303.505551,
      "T*S": 0.037032,
      "T*qh_S": 0.036574,
      "G(T)_spc(Hartree)": -303.542583,
      "qh_G(T)_spc(Hartree)": -303.542126,
      "T": 298.15
    }
  },
  "pyrd4": {
    "pyrd4_conf-1": {
      "E_spc (Hartree)": -441.213784,
      "E (Hartree)": -441.303006,
      "ZPE(Hartree)": 0.163746,
      "H_spc(Hartree)": -441.040797,
      "T*S": 0.042286,
      "T*qh_S": 0.04223,
      "G(T)_spc(Hartree)": -441.083083,
      "qh_G(T)_spc(Hartree)": -441.083027,
      "T": 298.15
    }
  },
  "pyrmd4": {
    "pyrmd4_conf-2": {
      "E_spc (Hartree)": -496.568846,
      "E (Hartree)": -496.663004,
      "ZPE(Hartree)": 0.180657,
      "H_spc(Hartree)": -496.377717,
      "T*S": 0.045601,
      "T*qh_S": 0.04506,
      "G(T)_spc(Hartree)": -496.423318,
      "qh_G(T)_spc(Hartree)": -496.422777,
      "T": 298.15
    }
  },
  "pyrz4": {
    "pyrz4_conf-1": {
      "E_spc (Hartree)": -342.923914,
      "E (Hartree)": -342.989674,
      "ZPE(Hartree)": 0.13343,
      "H_spc(Hartree)": -342.782454,
      "T*S": 0.040057,
      "T*qh_S": 0.039378,
      "G(T)_spc(Hartree)": -342.822511,
      "qh_G(T)_spc(Hartree)": -342.821832,
      "T": 298.15
    }
  },
  "pyrd5": {
    "pyrd5_conf-1": {
      "E_spc (Hartree)": -441.213936,
      "E (Hartree)": -441.303293,
      "ZPE(Hartree)": 0.163471,
      "H_spc(Hartree)": -441.041089,
      "T*S": 0.042774,
      "T*qh_S": 0.042581,
      "G(T)_spc(Hartree)": -441.083863,
      "qh_G(T)_spc(Hartree)": -441.08367,
      "T": 298.15
    }
  },
  "pyrmd5": {
    "pyrmd5_conf-1": {
      "E_spc (Hartree)": -303.625303,
      "E (Hartree)": -303.675314,
      "ZPE(Hartree)": 0.104379,
      "H_spc(Hartree)": -303.513954,
      "T*S": 0.038046,
      "T*qh_S": 0.03703,
      "G(T)_spc(Hartree)": -303.552,
      "qh_G(T)_spc(Hartree)": -303.550984,
      "T": 298.15
    }
  },
  "pyrd6": {
    "pyrd6_conf-1": {
      "E_spc (Hartree)": -441.211694,
      "E (Hartree)": -441.301315,
      "ZPE(Hartree)": 0.163955,
      "H_spc(Hartree)": -441.038524,
      "T*S": 0.042194,
      "T*qh_S": 0.042166,
      "G(T)_spc(Hartree)": -441.080718,
      "qh_G(T)_spc(Hartree)": -441.080689,
      "T": 298.15
    }
  },
  "pyrmd6": {
    "pyrmd6_conf-1": {
      "E_spc (Hartree)": -303.625153,
      "E (Hartree)": -303.675255,
      "ZPE(Hartree)": 0.104624,
      "H_spc(Hartree)": -303.513626,
      "T*S": 0.037221,
      "T*qh_S": 0.036653,
      "G(T)_spc(Hartree)": -303.550847,
      "qh_G(T)_spc(Hartree)": -303.550278,
      "T": 298.15
    }
  },
  "pyrd7": {
    "pyrd7_conf-1": {
      "E_spc (Hartree)": -480.522848,
      "E (Hartree)": -480.626623,
      "ZPE(Hartree)": 0.19201,
      "H_spc(Hartree)": -480.320158,
      "T*S": 0.046362,
      "T*qh_S": 0.045507,
      "G(T)_spc(Hartree)": -480.366519,
      "qh_G(T)_spc(Hartree)": -480.365665,
      "T": 298.15
    }
  },
  "pyrmd7": {
    "pyrmd7_conf-1": {
      "E_spc (Hartree)": -303.62116,
      "E (Hartree)": -303.671939,
      "ZPE(Hartree)": 0.104638,
      "H_spc(Hartree)": -303.509541,
      "T*S": 0.038041,
      "T*qh_S": 0.037048,
      "G(T)_spc(Hartree)": -303.547582,
      "qh_G(T)_spc(Hartree)": -303.546589,
      "T": 298.15
    }
  },
  "pyrd8": {
    "pyrd8_conf-1": {
      "E_spc (Hartree)": -480.519611,
      "E (Hartree)": -480.624231,
      "ZPE(Hartree)": 0.192345,
      "H_spc(Hartree)": -480.316628,
      "T*S": 0.046241,
      "T*qh_S": 0.04535,
      "G(T)_spc(Hartree)": -480.362869,
      "qh_G(T)_spc(Hartree)": -480.361978,
      "T": 298.15
    }
  },
  "pyrmd8": {
    "pyrmd8_conf-1": {
      "E_spc (Hartree)": -342.932313,
      "E (Hartree)": -342.9969,
      "ZPE(Hartree)": 0.133465,
      "H_spc(Hartree)": -342.790729,
      "T*S": 0.041974,
      "T*qh_S": 0.04031,
      "G(T)_spc(Hartree)": -342.832703,