{
  "pyrd1_conf-1": [
    {
      "pyrd1_conf-1_openshell": {
        "E_spc (Hartree)": -440.561372,
        "E (Hartree)": -440.650162,
        "ZPE(Hartree)": 0.150098,
        "H_spc(Hartree)": -440.402347,
        "T*S": 0.042178,
        "T*qh_S": 0.042101,
        "G(T)_spc(Hartree)": -440.444526,
        "qh_G(T)_spc(Hartree)": -440.444448,
        "T": 298.15
      }
    }
  ],
  "pyrdz1_conf-1": [
    {
      "pyrdz1_conf-1_openshell": {
        "E_spc (Hartree)": -302.930027,
        "E (Hartree)": -302.981728,
        "ZPE(Hartree)": 0.090329,
        "H_spc(Hartree)": -302.833243,
        "T*S": 0.036086,
        "T*qh_S": 0.036089,
        "G(T)_spc(Hartree)": -302.869329,
        "qh_G(T)_spc(Hartree)": -302.869332,
        "T": 298.15
      }
    }
  ],
  "pyrmd1_conf-1": [
    {
      "pyrmd1_conf-1_openshell": {
        "E_spc (Hartree)": -456.606644,
        "E (Hartree)": -456.686098,
        "ZPE(Hartree)": 0.138347,
        "H_spc(Hartree)": -456.459507,
        "T*S": 0.04203,
        "T*qh_S": 0.041922,
        "G(T)_spc(Hartree)": -456.501537,
        "qh_G(T)_spc(Hartree)": -456.501429,
        "T": 298.15
      }
    }
  ],
  "pyrz1_conf-1": [
    {
      "pyrz1_conf-1_openshell": {
        "E_spc (Hartree)": -456.601997,
        "E (Hartree)": -456.682124,
        "ZPE(Hartree)": 0.138128,
        "H_spc(Hartree)": -456.455073,
        "T*S": 0.042009,
        "T*qh_S": 0.041906,
        "G(T)_spc(Hartree)": -456.497082,
        "qh_G(T)_spc(Hartree)": -456.496978,
        "T": 298.15
      }
    }
  ],
  "pyrd2_conf-1": [
    {
      "pyrd2_conf-1_openshell": {
        "E_spc (Hartree)": -440.56109,
        "E (Hartree)": -440.650079,
        "ZPE(Hartree)": 0.150065,
        "H_spc(Hartree)": -440.402068,
        "T*S": 0.042236,
        "T*qh_S": 0.042144,
        "G(T)_spc(Hartree)": -440.444305,
        "qh_G(T)_spc(Hartree)": -440.444213,
        "T": 298.15
      }
    }
  ],
  "pyrdz2_conf-1": [
    {
      "pyrdz2_conf-1_openshell": {
        "E_spc (Hartree)": -302.930289,
        "E (Hartree)": -302.982363,
        "ZPE(Hartree)": 0.090406,
        "H_spc(Hartree)": -302.833406,
        "T*S": 0.036145,
        "T*qh_S": 0.036148,
        "G(T)_spc(Hartree)": -302.869551,
        "qh_G(T)_spc(Hartree)": -302.869554,
        "T": 298.15
      }
    }
  ],
  "pyrmd2_conf-1": [
    {
      "pyrmd2_conf-1_openshell": {
        "E_spc (Hartree)": -456.587224,
        "E (Hartree)": -456.662555,
        "ZPE(Hartree)": 0.136659,
        "H_spc(Hartree)": -456.44179,
        "T*S": 0.042023,
        "T*qh_S": 0.041969,
        "G(T)_spc(Hartree)": -456.483813,
        "qh_G(T)_spc(Hartree)": -456.483758,
        "T": 298.15
      }
    }
  ],
  "pyrz2_conf-1": [
    {
      "pyrz2_conf-1_openshell": {
        "E_spc (Hartree)": -495.916761,
        "E (Hartree)": -496.012176,
        "ZPE(Hartree)": 0.166411,
        "H_spc(Hartree)": -495.739848,
        "T*S": 0.046219,
        "T*qh_S": 0.045792,
        "G(T)_spc(Hartree)": -495.786067,
        "qh_G(T)_spc(Hartree)": -495.78564,
        "T": 298.15
      }
    }
  ],
  "pyrd3_conf-1": [
    {
      "pyrd3_conf-1_openshell": {
        "E_spc (Hartree)": -440.560235,
        "E (Hartree)": -440.649654,
        "ZPE(Hartree)": 0.150252,
        "H_spc(Hartree)": -440.401044,
        "T*S": 0.042278,
        "T*qh_S": 0.042163,
        "G(T)_spc(Hartree)": -440.443322,
        "qh_G(T)_spc(Hartree)": -440.443207,
        "T": 298.15
      }
    }
  ],
  "pyrdz3_conf-1": [
    {
      "pyrdz3_conf-1_openshell": {
        "E_spc (Hartree)": -342.243845,
        "E (Hartree)": -342.311041,
        "ZPE(Hartree)": 0.118646,
        "H_spc(Hartree)": -342.117063,
        "T*S": 0.040414,
        "T*qh_S": 0.04016,
        "G(T)_spc(Hartree)": -342.157476,
        "qh_G(T)_spc(Hartree)": -342.157223,
        "T": 298.15
      }
    }
  ],
  "pyrmd3_conf-2": [
    {
      "pyrmd3_conf-2_openshell": {
        "E_spc (Hartree)": -495.921385,
        "E (Hartree)": -496.016226,
        "ZPE(Hartree)": 0.166582,
        "H_spc(Hartree)": -495.744299,
        "T*S": 0.046263,
        "T*qh_S": 0.045809,
        "G(T)_spc(Hartree)": -495.790562,
        "qh_G(T)_spc(Hartree)": -495.790108,
        "T": 298.15
      }
    }
  ],
  "pyrz3_conf-1": [
    {
      "pyrz3_conf-1_openshell": {
        "E_spc (Hartree)": -302.962267,
        "E (Hartree)": -303.012601,
        "ZPE(Hartree)": 0.091034,
        "H_spc(Hartree)": -302.86485,
        "T*S": 0.035983,
        "T*qh_S": 0.035984,
        "G(T)_spc(Hartree)": -302.900832,
        "qh_G(T)_spc(Hartree)": -302.900833,
        "T": 298.15
      }
    }
  ],
  "pyrd4_conf-1": [
    {
      "pyrd4_conf-1_openshell": {
        "E_spc (Hartree)": -440.559301,
        "E (Hartree)": -440.648823,
        "ZPE(Hartree)": 0.150202,
        "H_spc(Hartree)": -440.40014,
        "T*S": 0.042404,
        "T*qh_S": 0.042207,
        "G(T)_spc(Hartree)": -440.442543,
        "qh_G(T)_spc(Hartree)": -440.442347,
        "T": 298.15
      }
    }
  ],
  "pyrmd4_conf-1": [
    {
      "pyrmd4_conf-1_openshell": {
        "E_spc (Hartree)": -495.914512,
        "E (Hartree)": -496.010129,
        "ZPE(Hartree)": 0.167157,
        "H_spc(Hartree)": -495.736987,
        "T*S": 0.0467,
        "T*qh_S": 0.045643,
        "G(T)_spc(Hartree)": -495.783687,
        "qh_G(T)_spc(Hartree)": -495.78263,
        "T": 298.15
      }
    }
  ],
  "pyrz4_conf-1": [
    {
      "pyrz4_conf-1_openshell": {
        "E_spc (Hartree)": -342.27414,
        "E (Hartree)": -342.339441,
        "ZPE(Hartree)": 0.119119,
        "H_spc(Hartree)": -342.146813,
        "T*S": 0.041151,
        "T*qh_S": 0.040403,
        "G(T)_spc(Hartree)": -342.187964,
        "qh_G(T)_spc(Hartree)": -342.187216,
        "T": 298.15
      }
    }
  ],
  "pyrd5_conf-1": [
    {
      "pyrd5_conf-1_openshell": {
        "E_spc (Hartree)": -440.560694,
        "E (Hartree)": -440.649682,
        "ZPE(Hartree)": 0.150126,
        "H_spc(Hartree)": -440.401621,
        "T*S": 0.042258,
        "T*qh_S": 0.042156,
        "G(T)_spc(Hartree)": -440.443879,
        "qh_G(T)_spc(Hartree)": -440.443778,
        "T": 298.15
      }
    }
  ],
  "pyrmd5_conf-1": [
    {
      "pyrmd5_conf-1_openshell": {
        "E_spc (Hartree)": -302.96869,
        "E (Hartree)": -303.018045,
        "ZPE(Hartree)": 0.091298,
        "H_spc(Hartree)": -302.87104,
        "T*S": 0.035927,
        "T*qh_S": 0.035927,
        "G(T)_spc(Hartree)": -302.906967,
        "qh_G(T)_spc(Hartree)": -302.906967,
        "T": 298.15
      }
    }
  ],
  "pyrd6_conf-1": [
    {
      "pyrd6_conf-1_openshell": {
        "E_spc (Hartree)": -440.559622,
        "E (Hartree)": -440.648983,
        "ZPE(Hartree)": 0.150164,
        "H_spc(Hartree)": -440.400479,
        "T*S": 0.042348,
        "T*qh_S": 0.042242,
        "G(T)_spc(Hartree)": -440.442826,
        "qh_G(T)_spc(Hartree)": -440.442721,
        "T": 298.15
      }
    }
  ],
  "pyrmd6_conf-1": [
    {
      "pyrmd6_conf-1_openshell": {
        "E_spc (Hartree)": -302.968962,
        "E (Hartree)": -303.018192,
        "ZPE(Hartree)": 0.091419,
        "H_spc(Hartree)": -302.871175,
        "T*S": 0.035955,
        "T*qh_S": 0.035957,
        "G(T)_spc(Hartree)": -302.907129,
        "qh_G(T)_spc(Hartree)": -302.907132,
        "T": 298.15
      }
    }
  ],
  "pyrd7_conf-1": [
    {
      "pyrd7_conf-1_openshell": {
        "E_spc (Hartree)": -479.875564,
        "E (Hartree)": -479.979709,
        "ZPE(Hartree)": 0.178347,
        "H_spc(Hartree)": -479.686583,
        "T*S": 0.046391,
        "T*qh_S": 0.045993,
        "G(T)_spc(Hartree)": -479.732974,