{
  "pyrd1_conf-1": {
    "pyrd1_conf-1_anion": {
      "E_spc (Hartree)": -440.620456,
      "E (Hartree)": -440.686933,
      "ZPE(Hartree)": 0.148368,
      "H_spc(Hartree)": -440.463016,
      "T*S": 0.041819,
      "T*qh_S": 0.041684,
      "G(T)_spc(Hartree)": -440.504835,
      "qh_G(T)_spc(Hartree)": -440.5047,
      "T": 298.15
    }
  },
  "pyrdz1_conf-1": {
    "pyrdz1_conf-1_anion": {
      "E_spc (Hartree)": -302.982492,
      "E (Hartree)": -303.013231,
      "ZPE(Hartree)": 0.088762,
      "H_spc(Hartree)": -302.887089,
      "T*S": 0.035899,
      "T*qh_S": 0.035845,
      "G(T)_spc(Hartree)": -302.922988,
      "qh_G(T)_spc(Hartree)": -302.922934,
      "T": 298.15
    }
  },
  "pyrmd1_conf-1": {
    "pyrmd1_conf-1_anion": {
      "E_spc (Hartree)": -456.671952,
      "E (Hartree)": -456.730413,
      "ZPE(Hartree)": 0.13693,
      "H_spc(Hartree)": -456.526107,
      "T*S": 0.041727,
      "T*qh_S": 0.04148,
      "G(T)_spc(Hartree)": -456.567835,
      "qh_G(T)_spc(Hartree)": -456.567587,
      "T": 298.15
    }
  },
  "pyrz1_conf-1": {
    "pyrz1_conf-1_anion": {
      "E_spc (Hartree)": -456.671575,
      "E (Hartree)": -456.729826,
      "ZPE(Hartree)": 0.136787,
      "H_spc(Hartree)": -456.525881,
      "T*S": 0.041605,
      "T*qh_S": 0.041422,
      "G(T)_spc(Hartree)": -456.567485,
      "qh_G(T)_spc(Hartree)": -456.567302,
      "T": 298.15
    }
  },
  "pyrd2_conf-1": {
    "pyrd2_conf-1_anion": {
      "E_spc (Hartree)": -440.613489,
      "E (Hartree)": -440.681643,
      "ZPE(Hartree)": 0.148142,
      "H_spc(Hartree)": -440.456234,
      "T*S": 0.04184,
      "T*qh_S": 0.041724,
      "G(T)_spc(Hartree)": -440.498074,
      "qh_G(T)_spc(Hartree)": -440.497958,
      "T": 298.15
    }
  },
  "pyrdz2_conf-1": {
    "pyrdz2_conf-1_anion": {
      "E_spc (Hartree)": -302.995475,
      "E (Hartree)": -303.026675,
      "ZPE(Hartree)": 0.089531,
      "H_spc(Hartree)": -302.899447,
      "T*S": 0.035548,
      "T*qh_S": 0.035546,
      "G(T)_spc(Hartree)": -302.934995,
      "qh_G(T)_spc(Hartree)": -302.934993,
      "T": 298.15
    }
  },
  "pyrmd2_conf-1": {
    "pyrmd2_conf-1_anion": {
      "E_spc (Hartree)": -456.611361,
      "E (Hartree)": -456.664858,
      "ZPE(Hartree)": 0.134261,
      "H_spc(Hartree)": -456.468465,
      "T*S": 0.041503,
      "T*qh_S": 0.041116,
      "G(T)_spc(Hartree)": -456.509967,
      "qh_G(T)_spc(Hartree)": -456.509581,
      "T": 298.15
    }
  },
  "pyrz2_conf-1": {
    "pyrz2_conf-1_anion": {
      "E_spc (Hartree)": -495.980539,
      "E (Hartree)": -496.055333,
      "ZPE(Hartree)": 0.164668,
      "H_spc(Hartree)": -495.805226,
      "T*S": 0.045943,
      "T*qh_S": 0.04537,
      "G(T)_spc(Hartree)": -495.851169,
      "qh_G(T)_spc(Hartree)": -495.850596,
      "T": 298.15
    }
  },
  "pyrd3_conf-1": {
    "pyrd3_conf-1_anion": {
      "E_spc (Hartree)": -440.625213,
      "E (Hartree)": -440.692208,
      "ZPE(Hartree)": 0.148757,
      "H_spc(Hartree)": -440.467396,
      "T*S": 0.042016,
      "T*qh_S": 0.041694,
      "G(T)_spc(Hartree)": -440.509412,
      "qh_G(T)_spc(Hartree)": -440.509089,
      "T": 298.15
    }
  },
  "pyrdz3_conf-1": {
    "pyrdz3_conf-1_anion": {
      "E_spc (Hartree)": -342.289474,
      "E (Hartree)": -342.337506,
      "ZPE(Hartree)": 0.116658,
      "H_spc(Hartree)": -342.164508,
      "T*S": 0.040177,
      "T*qh_S": 0.039858,
      "G(T)_spc(Hartree)": -342.204685,
      "qh_G(T)_spc(Hartree)": -342.204366,
      "T": 298.15
    }
  },
  "pyrmd3_conf-2": {
    "pyrmd3_conf-2_anion": {
      "E_spc (Hartree)": -495.980623,
      "E (Hartree)": -496.055831,
      "ZPE(Hartree)": 0.164783,
      "H_spc(Hartree)": -495.805216,
      "T*S": 0.045904,
      "T*qh_S": 0.045326,
      "G(T)_spc(Hartree)": -495.85112,
      "qh_G(T)_spc(Hartree)": -495.850542,
      "T": 298.15
    }
  },
  "pyrz3_conf-1": {
    "pyrz3_conf-1_anion": {
      "E_spc (Hartree)": -303.016724,
      "E (Hartree)": -303.045503,
      "ZPE(Hartree)": 0.089581,
      "H_spc(Hartree)": -302.920609,
      "T*S": 0.035689,
      "T*qh_S": 0.035653,
      "G(T)_spc(Hartree)": -302.956298,
      "qh_G(T)_spc(Hartree)": -302.956263,
      "T": 298.15
    }
  },
  "pyrd4_conf-1": {
    "pyrd4_conf-1_anion": {
      "E_spc (Hartree)": -440.617865,
      "E (Hartree)": -440.685087,
      "ZPE(Hartree)": 0.148324,
      "H_spc(Hartree)": -440.460355,
      "T*S": 0.042793,
      "T*qh_S": 0.042037,
      "G(T)_spc(Hartree)": -440.503148,
      "qh_G(T)_spc(Hartree)": -440.502393,
      "T": 298.15
    }
  },
  "pyrmd4_conf-1": {
    "pyrmd4_conf-1_anion": {
      "E_spc (Hartree)": -495.988533,
      "E (Hartree)": -496.063189,
      "ZPE(Hartree)": 0.166102,
      "H_spc(Hartree)": -495.812174,
      "T*S": 0.044981,
      "T*qh_S": 0.044438,
      "G(T)_spc(Hartree)": -495.857156,
      "qh_G(T)_spc(Hartree)": -495.856612,
      "T": 298.15
    }
  },
  "pyrz4_conf-1": {
    "pyrz4_conf-1_anion": {
      "E_spc (Hartree)": -342.322238,
      "E (Hartree)": -342.367663,
      "ZPE(Hartree)": 0.117396,
      "H_spc(Hartree)": -342.196622,
      "T*S": 0.040089,
      "T*qh_S": 0.03966,
      "G(T)_spc(Hartree)": -342.236711,
      "qh_G(T)_spc(Hartree)": -342.236282,
      "T": 298.15
    }
  },
  "pyrd5_conf-1": {
    "pyrd5_conf-1_anion": {
      "E_spc (Hartree)": -440.611323,
      "E (Hartree)": -440.679079,
      "ZPE(Hartree)": 0.148148,
      "H_spc(Hartree)": -440.454042,
      "T*S": 0.04197,
      "T*qh_S": 0.041811,
      "G(T)_spc(Hartree)": -440.496012,
      "qh_G(T)_spc(Hartree)": -440.495853,
      "T": 298.15
    }
  },
  "pyrmd5_conf-1": {
    "pyrmd5_conf-1_anion": {
      "E_spc (Hartree)": -303.024099,
      "E (Hartree)": -303.051835,
      "ZPE(Hartree)": 0.089837,
      "H_spc(Hartree)": -302.927734,
      "T*S": 0.035791,
      "T*qh_S": 0.035679,
      "G(T)_spc(Hartree)": -302.963526,
      "qh_G(T)_spc(Hartree)": -302.963413,
      "T": 298.15
    }
  },
  "pyrd6_conf-1": {
    "pyrd6_conf-1_anion": {
      "E_spc (Hartree)": -440.609237,
      "E (Hartree)": -440.678464,
      "ZPE(Hartree)": 0.148042,
      "H_spc(Hartree)": -440.452022,
      "T*S": 0.042237,
      "T*qh_S": 0.041873,
      "G(T)_spc(Hartree)": -440.494259,
      "qh_G(T)_spc(Hartree)": -440.493895,
      "T": 298.15
    }
  },
  "pyrmd6_conf-1": {
    "pyrmd6_conf-1_anion": {
      "E_spc (Hartree)": -303.034141,
      "E (Hartree)": -303.061674,
      "ZPE(Hartree)": 0.090546,
      "H_spc(Hartree)": -302.937192,
      "T*S": 0.035425,
      "T*qh_S": 0.035414,
      "G(T)_spc(Hartree)": -302.972617,
      "qh_G(T)_spc(Hartree)": -302.972607,
      "T": 298.15
    }
  },
  "pyrd7_conf-1": {
    "pyrd7_conf-1_anion": {
      "E_spc (Hartree)": -479.929078,
      "E (Hartree)": -480.012367,
      "ZPE(Hartree)": 0.176232,
      "H_spc(Hartree)": -479.742059,
      "T*S": 0.046019,
      "T*qh_S": 0.045569,
      "G(T)_spc(Hartree)": -479.788078,
      "qh_G(T)_spc(Hartree)": -479.787628,
      "T": 298.15
    }
  },
  "pyrmd7_conf-1": {
    "pyrmd7_conf-1_anion": {
      "E_spc (Hartree)": -303.016354,
      "E (Hartree)": -303.046132,
      "ZPE(Hartree)": 0.089464,
      "H_spc(Hartree)": -302.920301,
      "T*S": 0.03573,
      "T*qh_S": 0.035719,
      "G(T)_spc(Hartree)": -302.956031,
      "qh_G(T)_spc(Hartree)": -302.95602,
      "T": 298.15
    }
  },
  "pyrd8_conf-1": {
    "pyrd8_conf-1_anion": {
      "E_spc (Hartree)": -479.922161,
      "E (Hartree)": -480.005884,
      "ZPE(Hartree)": 0.175894,
      "H_spc(Hartree)": -479.735423,
      "T*S": 0.046123,
      "T*qh_S": 0.045664,
      "G(T)_spc(Hartree)": -479.781546,
      "qh_G(T)_spc(Hartree)": -479.781087,
      "T": 298.15
    }
  },